Index,Timestamp,Fp1,Fp2,F3,F4,T5,T6,O1,O2,F7,F8,C3,C4,T3,T4,P3,P4
0.0,0.0,0.0,0.0,0.0,0.0,0.0,0.0,0.0,0.0,0.0,0.0,0.0,0.0,0.0,0.0,0.0,0.0
1.0,0.00390625,-310116.506829,-3072.202572,-640107.111944,995763.778182,-765063.734658,-906805.086947,-882828.817705,-1083719.859567,-3747904.211033,-3203744.018524,-3210854.019028,-2939662.806948,-2924828.04356,-420091.917526,-3084694.157206,-2608122.957721
2.0,0.0078125,-310103.095782,-3388.703273,-640079.216967,995561.003156,-765084.655891,-906833.518366,-882732.258169,-1083745.608776,-3747925.132266,-3203739.726989,-3210850.800377,-2939677.82732,-2924621.513441,-420146.098154,-3084701.130951,-2608133.686558
3.0,0.01171875,-310151.911992,-3521.740856,-640132.861153,995410.262991,-765094.311845,-906850.684506,-882880.316124,-1083757.946939,-3747930.496684,-3203731.143919,-3210844.899517,-2939681.582413,-2924845.209699,-420347.263854,-3084690.402113,-2608127.785698
4.0,0.015625,-310152.984876,-3346.860808,-640196.161294,995520.233574,-765108.259333,-906858.194692,-883047.149545,-1083774.576637,-3747929.423801,-3203742.94564,-3210855.091912,-2939676.217994,-2925105.384005,-420186.867736,-3084689.865671,-2608127.785698
5.0,0.01953125,-310116.506829,-3329.694668,-640179.531596,995579.242179,-765135.081427,-906875.897274,-882974.193451,-1083801.39873,-3747943.371289,-3203767.085524,-3210865.284308,-2939679.436645,-2924932.649724,-419640.769916,-3084688.256346,-2608147.634047
6.0,0.0234375,-310102.022898,-3314.674296,-640139.834897,995378.612921,-765125.425473,-906872.14218,-882848.666054,-1083794.424986,-3747932.10601,-3203735.971896,-3210830.952028,-2939660.124738,-2924670.329651,-419966.390129,-3084636.757927,-2608127.249256
7.0,0.02734375,-310185.171388,-3489.554344,-640185.968898,995191.931151,-765139.909403,-906894.136297,-882960.245962,-1083807.836033,-3747942.298405,-3203719.87864,-3210822.368958,-2939660.66118,-2924829.116443,-420368.185087,-3084616.909577,-2608121.348396
8.0,0.03125,-310199.118876,-3248.691946,-640254.633457,995262.205036,-765140.445845,-906890.917646,-883145.854848,-1083812.66401,-3747932.10601,-3203718.269315,-3210818.613865,-2939648.859459,-2925126.841679,-420344.581645,-3084606.18074,-2608110.619558
9.0,0.03515625,-310130.990759,-3006.220222,-640256.242783,995289.027129,-765137.763636,-906881.261692,-883107.231034,-1083821.24708,-3747917.62208,-3203720.951524,-3210817.00454,-2939633.839087,-2925041.547423,-420055.975921,-3084606.18074,-2608106.864465
10.0,0.0390625,-310084.856759,-3246.546179,-640210.108782,995159.744639,-765130.789892,-906880.188808,-882954.345102,-1083831.975917,-3747909.575452,-3203697.348082,-3210793.401097,-2939623.646691,-2924738.99421,-419996.430873,-3084592.769693,-2608100.427163
11.0,0.04296875,-310133.672969,-3509.402693,-640241.758852,995211.7795,-765130.25345,-906890.381204,-883019.254568,-1083834.658126,-3747912.257661,-3203672.135314,-3210774.08919,-2939620.42804,-2924826.970676,-420199.742341,-3084572.384903,-2608087.016116
12.0,0.046875,-310152.448434,-3338.81418,-640310.959853,995250.403315,-765154.393334,-906912.911762,-883213.982965,-1083863.089545,-3747926.205149,-3203690.374337,-3210792.864656,-2939630.620436,-2925148.299354,-420243.730574,-3084580.431531,-2608098.281395
13.0,0.05078125,-310104.705108,-3043.771153,-640330.808202,995384.513782,-765157.611985,-906908.083786,-883220.956709,-1083876.500592,-3747913.330545,-3203698.420965,-3210795.546865,-2939617.745831,-2925145.617145,-419967.463013,-3084584.186624,-2608099.890721
14.0,0.0546875,-310126.162782,-3241.18176,-639697.270357,995286.881362,-760130.61525,-901925.611726,-879057.094938,-1078891.346322,-3742892.771112,-3198614.561393,-3205718.124594,-2934541.932886,-2921393.742727,-419836.034755,-3079560.944982,-2603076.649079
15.0,0.05859375,-310254.372389,-3555.536694,-639514.880123,995092.152964,-759895.11727,-901763.606282,-878559.813328,-1078652.09325,-3742699.115598,-3198322.200575,-3205513.203801,-2934350.959581,-2920925.96542,-419978.728292,-3079363.534375,-2602829.88582
16.0,0.0625,-310235.596923,-3400.504994,-640210.645224,995105.027569,-765164.049287,-906991.232275,-882800.386286,-1083885.083662,-3747953.027243,-3203621.709779,-3210811.640121,-2939653.687436,-2924711.099233,-420156.29055,-3084600.816321,-2608077.896604
17.0,0.06640625,-310166.395922,-3069.520363,-640238.540201,995253.085524,-765165.122171,-906962.264414,-882823.453286,-1083902.786243,-3747924.595824,-3203641.021686,-3210793.401097,-2939617.745831,-2924721.291628,-419919.183245,-3084575.603554,-2608085.943232
18.0,0.0703125,-310084.320317,-3165.007015,-640192.942642,995171.009919,-765160.294194,-906942.952507,-882660.9114,-1083910.832871,-3747900.45594,-3203624.391988,-3210760.141702,-2939589.314412,-2924388.161229,-419757.177801,-3084550.927228,-2608080.578814
19.0,0.07421875,-310104.705108,-3493.845879,-640191.869759,994930.14752,-765175.851008,-906958.509321,-882645.891028,-1083924.78036,-3747905.283917,-3203609.371616,-3210742.43912,-2939586.632202,-2924298.575437,-419906.845082,-3084534.833972,-2608079.50593
20.0,0.078125,-310159.422178,-3493.845879,-640258.38855,994855.045659,-765191.407823,-906973.529693,-882852.421147,-1083941.9465,-3747911.184777,-3203612.590267,-3210740.293353,-2939587.168644,-2924599.519324,-420061.876781,-3084523.568693,-2608082.188139
21.0,0.08203125,-310132.063643,-3356.516761,-640303.449667,994997.739196,-765184.97052,-906956.363554,-882970.438358,-1083944.628709,-3747887.044893,-3203611.517383,-3210729.564515,-2939560.346551,-2924764.743419,-419862.856849,-3084509.621204,-2608069.849976
22.0,0.0859375,-310081.638107,-3305.554784,-640263.216527,994966.089125,-765185.506962,-906952.072019,-882850.811821,-1083947.310918,-3747868.269428,-3203594.351243,-3210708.643282,-2939538.888876,-2924504.569114,-419655.253846,-3084498.355925,-2608060.730465
23.0,0.08984375,-310117.579713,-3425.18132,-640248.732596,994727.908936,-765182.824753,-906956.363554,-882791.803216,-1083944.092267,-3747860.2228,-3203564.846941,-3210677.529654,-2939526.550713,-2924355.974717,-419756.104917,-3084473.143157,-2608043.027883
24.0,0.09375,-310164.786597,-3494.382321,-640307.20476,994547.128027,-765181.751869,-906961.19153,-882967.756148,-1083945.701593,-3747856.467707,-3203546.607917,-3210661.436398,-2939516.89476,-2924620.440557,-419943.85957,-3084450.076157,-2608025.861743
25.0,0.09765625,-310142.256038,-3171.980759,-640360.312505,994674.26475,-765191.407823,-906967.092391,-883114.204778,-1083971.450802,-3747857.004149,-3203563.237615,-3210676.993212,-2939515.821876,-2924848.964792,-419801.166034,-3084458.122785,-2608034.981255
26.0,0.1015625,-310069.299945,-3085.613619,-640337.245505,994967.698451,-765161.367078,-906931.687228,-883014.963033,-1083953.211779,-3747814.625241,-3203529.441777,-3210639.978724,-2939472.906527,-2924656.918604,-419552.793449,-3084430.227808,-2608001.721859
27.0,0.10546875,-310057.498223,-3403.187204,-640306.131876,994762.777658,-765154.929776,-906931.687228,-882913.57552,-1083948.920244,-3747806.042171,-3203496.182382,-3210606.182886,-2939456.276829,-2924442.878299,-419602.682543,-3084407.160808,-2607981.337068
28.0,0.109375,-310123.480573,-3555.536694,-640355.484528,994600.772214,-765184.434078,-906967.628833,-883057.878382,-1083980.570314,-3747834.47359,-3203504.22901,-3210617.448165,-2939479.343829,-2924648.335534,-419811.894871,-3084412.525226,-2607996.893882
29.0,0.11328125,-310139.037387,-3270.686063,-640419.857552,994697.868192,-765189.798497,-906967.092391,-883232.758431,-1083990.762709,-3747824.281195,-3203505.301893,-3210620.666816,-2939468.614992,-2924927.285305,-419735.183684,-3084401.796389,-2607991.529464
30.0,0.1171875,-310073.591479,-3096.342456,-640411.274482,994768.678518,-765185.506962,-906954.754228,-883167.848965,-1083998.809337,-3747811.40659,-3203504.765452,-3210609.937979,-2939450.91241,-2924778.690908,-419270.088586,-3084391.603993,-2607983.482836
31.0,0.12109375,-310054.279572,-3377.974436,-640368.895575,994571.267911,-765217.693474,-906990.695833,-883031.056289,-1084034.214501,-3747844.665986,-3203519.249382,-3210620.130374,-2939475.588736,-2924487.402974,-419223.954585,-3084385.703133,-2608009.768487
32.0,0.125,-310124.553457,-3597.37916,-640407.519389,994374.930188,-765247.197777,-907028.783206,-883129.22515,-1084061.036594,-3747870.415195,-3203523.004475,-3210627.104119,-2939495.973527,-2924622.049883,-419799.020266,-3084376.047179,-2608022.643092
33.0,0.12890625,-310135.282294,-3430.009297,-640474.574622,994426.965049,-765262.754591,-907042.194252,-883316.443362,-1084083.567152,-3747876.316056,-3203537.488405,-3210638.90584,-2939500.265062,-2924922.99377,-419827.988127,-3084378.729389,-2608026.934627
34.0,0.1328125,-310091.830503,-3418.207576,-640475.111064,994424.28284,-765260.072382,-907033.074741,-883288.548385,-1084088.395129,-3747854.321939,-3203533.19687,-3210629.249886,-2939475.588736,-2924858.620746,-419547.965473,-3084368.536993,-2608016.20579
35.0,0.13671875,-310052.133805,-3360.271854,-640421.466878,994466.125305,-765264.900358,-907043.267136,-883129.22515,-1084103.415502,-3747855.931265,-3203518.71294,-3210613.693072,-2939472.906527,-2924548.020905,-419478.764472,-3084366.927667,-2608016.20579
36.0,0.140625,-310099.877131,-3552.854485,-640447.216087,994373.320862,-765267.046126,-907053.995973,-883181.796453,-1084106.097711,-3747855.931265,-3203490.817963,-3210594.917607,-2939467.005666,-2924611.857487,-419679.39373,-3084345.469993,-2608000.648975
37.0,0.14453125,-310121.334806,-3402.650762,-640515.344204,994384.586142,-765283.139382,-907069.016346,-883377.061293,-1084125.94606,-3747861.295684,-3203497.255265,-3210602.964235,-2939470.224317,-2924927.285305,-419741.084545,-3084342.787783,-2608003.867627
38.0,0.1484375,-310077.883014,-3097.41534,-640535.728995,994519.23305,-765285.821591,-907062.042601,-883395.836758,-1084139.357107,-3747849.493962,-3203507.447661,-3210604.57356,-2939458.959038,-2924943.915003,-419474.472937,-3084347.079318,-2608006.549836
39.0,0.15234375,-310046.769386,-3254.056365,-640379.08797,994409.798909,-764334.173719,-906116.832032,-882483.885584,-1083201.656723,-3746889.263021,-3202528.977696,-3209623.421386,-2938487.462817,-2923985.293387,-419350.554866,-3083388.457702,-2607050.073987
40.0,0.15625,-310201.801086,-3615.618183,-639441.387587,994190.930628,-757556.230731,-899434.375696,-876937.07668,-1076471.993503,-3740148.334521,-3195665.204008,-3202805.781699,-2931673.578223,-2919157.316584,-419471.254286,-3076630.363063,-2600276.958975
41.0,0.16015625,-310245.789319,-3490.090786,-640173.630735,994230.090884,-763587.44664,-905468.810257,-881623.969272,-1082458.684738,-3746198.862338,-3201710.903849,-3208916.927447,-2937791.161274,-2923348.536891,-419620.385125,-3082676.599345,-2606284.571443
42.0,0.1640625,-310165.859481,-3129.601852,-640440.242343,994433.402352,-765320.690312,-907154.847044,-883001.551986,-1084193.001293,-3747896.164405,-3203472.042498,-3210642.124491,-2939499.72862,-2924550.166672,-419433.703355,-3084378.729389,-2608017.815115
43.0,0.16796875,-310078.955898,-3205.240155,-640395.181226,994362.592025,-765308.888591,-907122.12409,-882833.645682,-1084193.001293,-3747860.2228,-3203452.194149,-3210594.917607,-2939455.203945,-2924211.671854,-419259.89619,-3084341.7149,-2608007.086278
44.0,0.171875,-310093.97627,-3537.297671,-640391.962575,994120.656743,-765310.497917,-907123.733416,-882804.141379,-1084197.292828,-3747852.176172,-3203429.66359,-3210561.658211,-2939436.964922,-2924100.091946,-419398.834634,-3084311.137713,-2607996.893882
45.0,0.17578125,-310146.011132,-3548.026508,-640457.408483,994036.971812,-765316.398778,-907129.634277,-883005.307079,-1084205.875898,-3747848.957521,-3203424.299171,-3210552.538699,-2939427.308968,-2924387.088345,-419559.767194,-3084289.143597,-2607989.383696
46.0,0.1796875,-310116.506829,-3205.776597,-640507.834018,994179.128907,-765301.914847,-907102.275741,-883134.053127,-1084201.047921,-3747817.30745,-3203417.325427,-3210536.445443,-2939395.122456,-2924568.942138,-419369.866773,-3084264.467271,-2607973.29044
47.0,0.18359375,-310040.868526,-3185.391806,-640475.111064,994163.035651,-765292.795335,-907085.109602,-883018.718126,-1084203.193689,-3747794.24045,-3203397.477078,-3210511.232675,-2939368.836804,-2924323.788205,-419148.852724,-3084249.98334,-2607959.879394
48.0,0.1875,-310040.868526,-3515.839996,-640455.262715,993930.756322,-765292.795335,-907090.47402,-882954.345102,-1084205.875898,-3747792.631125,-3203370.118543,-3210486.019908,-2939361.86306,-2924157.491226,-419236.82919,-3084233.353643,-2607948.077672
49.0,0.19140625,-310101.486457,-3609.180881,-640511.589111,993775.188181,-765318.008103,-907119.978323,-883125.470057,-1084230.015782,-3747812.479474,-3203377.092287,-3210494.066536,-2939375.810549,-2924408.54602,-419427.802495,-3084232.817201,-2607953.978533
50.0,0.1953125,-310102.022898,-3446.102553,-640568.451949,993826.6866,-765350.731057,-907149.482626,-883281.57464,-1084272.931131,-3747826.426962,-3203411.424567,-3210525.180164,-2939392.440247,-2924652.090627,-419297.447121,-3084254.811317,-2607977.581975
51.0,0.19921875,-310057.498223,-3431.618623,-640541.629856,994114.755883,-765352.876824,-907145.727533,-883188.233756,-1084279.368434,-3747809.260822,-3203403.377939,-3210512.842001,-2939372.055456,-2924466.481741,-418968.071815,-3084246.764689,-2607971.144673
52.0,0.203125,-310060.180433,-3435.373716,-640505.151809,993942.558043,-765348.048848,-907145.191091,-883079.336057,-1084275.613341,-3747806.042171,-3203374.410078,-3210477.97328,-2939353.816432,-2924227.76511,-418840.935092,-3084204.922224,-2607950.759882
53.0,0.20703125,-310118.116154,-3578.067252,-640552.895135,993774.651739,-765345.90308,-907153.237719,-883213.446523,-1084275.076899,-3747804.432846,-3203352.952403,-3210460.270698,-2939348.452014,-2924430.003694,-419345.190447,-3084169.51706,-2607935.73951
54.0,0.2109375,-310115.433945,-3300.190365,-640618.341043,993868.529066,-765334.637801,-907140.363114,-883389.935898,-1084273.467573,-3747784.584497,-3203344.369333,-3210450.078303,-2939325.385013,-2924725.046721,-419334.46161,-3084148.059386,-2607916.964044
55.0,0.21484375,-310048.378712,-3102.243316,-640610.830857,993950.604671,-765337.32001,-907132.316486,-883333.609502,-1084283.659969,-3747772.782775,-3203348.124426,-3210446.859651,-2939312.510408,-2924608.638836,-419055.511839,-3084151.814479,-2607918.036928
56.0,0.21875,-310019.947293,-3369.927808,-640568.451949,993763.38646,-765367.360755,-907164.502998,-883190.915965,-1084316.382923,-3747795.313334,-3203352.952403,-3210452.760512,-2939332.358758,-2924320.569553,-419029.226187,-3084167.371293,-2607937.348835
57.0,0.22265625,-310085.929642,-3599.524927,-640603.857112,993562.22076,-765366.824313,-907172.549626,-883282.647524,-1084316.919365,-3747790.485357,-3203322.911659,-3210429.693512,-2939322.702804,-2924439.659648,-419237.365632,-3084140.5492,-2607915.89116
58.0,0.2265625,-310099.340689,-3387.093948,-640670.375904,993612.646295,-765367.360755,-907170.403858,-883473.620829,-1084321.210899,-3747780.829403,-3203320.765891,-3210428.620628,-2939311.973967,-2924752.941698,-419245.948702,-3084129.28392,-2607910.526742
59.0,0.23046875,-310037.649874,-3117.263689,-640680.568299,993649.660784,-765362.532778,-907158.602137,-883453.236038,-1084331.403295,-3747763.126822,-3203319.693007,-3210424.329093,-2939293.734943,-2924708.953465,-418962.170954,-3084127.138153,-2607903.552998
60.0,0.234375,-309994.198083,-3324.330249,-640633.897857,993597.089481,-765378.089592,-907178.450486,-883290.15771,-1084357.688946,-3747772.246334,-3203315.937914,-3210420.037558,-2939302.318013,-2924390.306996,-418875.803813,-3084137.330548,-2607914.281835
61.0,0.23828125,-310061.789758,-3603.28002,-640656.964857,993566.512295,-765389.354871,-907202.59037,-883334.145943,-1084371.099993,-3747787.266706,-3203303.06331,-3210410.918046,-2939307.14599,-2924424.102834,-419066.777118,-3084127.138153,-2607913.208951
62.0,0.2421875,-310085.929642,-3463.268693,-640726.165858,993573.486039,-765385.063336,-907197.762394,-883532.092992,-1084370.027109,-3747774.928543,-3203291.79803,-3210399.116325,-2939290.516292,-2924734.166233,-419137.051003,-3084102.998269,-2607894.433486
63.0,0.24609375,-310034.967665,-3335.595529,-640746.014207,993716.179575,-765382.381127,-907185.960673,-883563.206621,-1084373.245761,-3747754.00731,-3203292.334472,-3210394.82479,-2939273.350152,-2924758.842559,-418838.789325,-3084100.852501,-2607887.459742
64.0,0.25,-309994.198083,-3435.373716,-640689.687811,993612.109853,-765397.401499,-907200.981045,-883398.518967,-1084390.948342,-3747760.981054,-3203289.652263,-3210384.632395,-2939269.058617,-2924418.738415,-418457.915599,-3084089.587222,-2607890.678393
65.0,0.25390625,-310067.154177,-3528.178159,-640457.408483,993391.095804,-763463.528569,-905289.638673,-881848.201972,-1082471.0229,-3745830.863217,-3201313.936867,-3208413.208534,-2937311.045803,-2923032.572631,-418867.757185,-3082111.189617,-2605944.4673
66.0,0.2578125,-310222.722318,-3497.06453,-639651.136357,993350.326222,-757707.507337,-899628.567651,-877199.933195,-1076761.672111,-3740114.002241,-3195491.933285,-3202652.895767,-2931540.004199,-2919126.739398,-419147.243398,-3076387.891339,-2600194.346928
67.0,0.26171875,-310152.984876,-3098.488223,-640520.708623,993620.692923,-764638.336258,-906529.892269,-882544.503515,-1083647.976357,-3747043.221836,-3202465.141113,-3209663.654526,-2938541.107004,-2923808.804012,-418909.599651,-3083337.495725,-2607110.155476
68.0,0.265625,-310048.378712,-3138.721363,-640593.128275,993621.229365,-765440.853291,-907294.32193,-882992.968916,-1084458.003576,-3747814.625241,-3203271.949681,-3210432.912163,-2939310.901083,-2924006.214619,-418732.573835,-3084109.435571,-2607916.964044
69.0,0.26953125,-310046.769386,-3469.169553,-640582.399438,993384.658502,-765436.561756,-907281.983767,-882933.960311,-1084458.540017,-3747796.92266,-3203245.127588,-3210388.387488,-2939285.151873,-2923845.818501,-418862.392767,-3084068.129548,-2607905.698765
70.0,0.2734375,-310076.273689,-3491.700112,-640645.699578,993290.781175,-765434.415988,-907277.15579,-883126.006499,-1084463.904436,-3747785.120938,-3203231.716541,-3210366.929813,-2939264.767082,-2924109.211458,-419030.299071,-3084033.260826,-2607890.141951
71.0,0.27734375,-310041.404967,-3144.622224,-640697.734439,993434.547595,-765446.754151,-907277.15579,-883261.18985,-1084488.04432,-3747779.220078,-3203254.783542,-3210377.122209,-2939257.256896,-2924289.455925,-418850.054604,-3084034.870152,-2607899.261463
72.0,0.28125,-309980.787037,-3098.488223,-640668.766578,993434.011153,-765465.529617,-907286.811744,-883154.97436,-1084513.257088,-3747780.292962,-3203265.512379,-3210380.34086,-2939256.720454,-2924043.76555,-418616.16595,-3084046.671873,-2607914.281835
73.0,0.28515625,-309994.734525,-3420.353344,-640648.918229,993206.02336,-765474.649128,-907301.295674,-883090.064894,-1084521.840158,-3747782.975171,-3203244.054704,-3210361.028953,-2939253.501803,-2923859.229548,-418690.194927,-3084035.943036,-2607910.526742
74.0,0.2890625,-310041.941409,-3524.423066,-640702.562416,993071.912893,-765454.264337,-907284.665976,-883267.627152,-1084503.064692,-3747758.298845,-3203203.821564,-3210321.332255,-2939223.461059,-2924109.211458,-418884.386883,-3083991.418361,-2607873.512253
75.0,0.29296875,-310029.066805,-3287.315761,-640762.643905,993108.39094,-765449.972802,-907273.937139,-883437.679224,-1084508.429111,-3747741.669147,-3203203.285122,-3210315.431394,-2939204.685593,-2924365.63067,-418769.051882,-3083975.861547,-2607861.17409
76.0,0.296875,-309969.521757,-3325.403133,-640739.576905,993234.991221,-765470.894035,-907293.249046,-883361.504479,-1084540.079181,-3747744.351357,-3203218.841936,-3210327.769557,-2939211.122896,-2924189.677738,-418501.903832,-3083994.637012,-2607876.730904
77.0,0.30078125,-309978.641269,-3345.251482,-640703.6353,993244.110733,-765480.013547,-907308.80586,-883256.898315,-1084550.271577,-3747745.42424,-3203198.993587,-3210305.238999,-2939204.685593,-2923944.523805,-418520.142856,-3083984.981058,-2607870.293602
78.0,0.3046875,-310037.649874,-3480.971274,-640748.696416,993076.74087,-765474.112686,-907311.488069,-883391.545223,-1084543.834274,-3747739.52338,-3203172.707936,-3210283.781324,-2939192.883872,-2924130.132691,-418728.2823,-3083958.158965,-2607850.981695
79.0,0.30859375,-310033.358339,-3211.677457,-640810.923673,993165.253778,-765479.477105,-907311.488069,-883577.690551,-1084553.490228,-3747731.476752,-3203173.78082,-3210285.927091,-2939183.76436,-2924419.274857,-418676.247439,-3083950.112337,-2607844.00795
80.0,0.3125,-309966.303106,-2989.054083,-640807.16858,993261.813314,-765490.742384,-907312.024511,-883535.311644,-1084573.875019,-3747730.94031,-3203187.728308,-3210290.755068,-2939180.545709,-2924309.304274,-418264.796527,-3083958.695407,-2607852.59102
81.0,0.31640625,-309946.454757,-3241.18176,-640764.253231,993084.251056,-765479.477105,-907303.441441,-883392.618107,-1084568.5106,-3747717.529263,-3203160.906215,-3210256.422789,-2939158.015151,-2924009.969712,-418084.55206,-3083910.952081,-2607831.669787
82.0,0.3203125,-310003.854037,-3477.216181,-640796.976184,992880.403147,-765478.404221,-907310.415186,-883478.985247,-1084567.974158,-3747715.383496,-3203130.86547,-3210230.673579,-2939147.286313,-2924121.013179,-418641.378718,-3083865.890964,-2607810.748555
83.0,0.32421875,-310016.1922,-3273.368272,-640861.88565,992922.245612,-765479.477105,-907310.415186,-883674.786529,-1084575.484344,-3747712.701286,-3203132.474796,-3210236.57444,-2939141.385453,-2924438.050322,-418713.79837,-3083859.990103,-2607806.993461
84.0,0.328125,-309955.574269,-2984.226106,-640872.078046,993037.580614,-765486.450849,-907309.342302,-883669.42211,-1084594.25981,-3747708.409751,-3203144.812959,-3210244.084626,-2939132.802383,-2924408.009578,-418426.801971,-3083869.109615,-2607812.35788
85.0,0.33203125,-309915.341129,-3173.590085,-640823.798278,992796.718216,-765503.080547,-907330.799977,-883506.880225,-1084621.618345,-3747720.211473,-3203143.203633,-3210240.865975,-2939141.921895,-2924091.508876,-418326.487342,-3083878.765569,-2607824.159601
86.0,0.3359375,-309970.594641,-3461.122925,-640842.573743,992823.540309,-765502.544105,-907342.065256,-883539.066737,-1084624.836996,-3747716.992821,-3203114.235772,-3210219.4083,-2939135.484592,-2924119.403853,-418511.559786,-3083857.307894,-2607809.675671
87.0,0.33984375,-309993.125199,-3376.36511,-640908.556093,992902.933705,-765519.173803,-907357.62207,-883732.185809,-1084644.148903,-3747724.503007,-3203124.96461,-3210227.99137,-2939139.776127,-2924432.149462,-418591.489624,-3083855.162126,-2607812.35788
88.0,0.34375,-309951.819176,-3327.012459,-640930.550209,993053.137428,-765517.028036,-907346.356791,-883770.273181,-1084648.440438,-3747703.045333,-3203124.428168,-3210223.163393,-2939119.391336,-2924483.647881,-418327.560225,-3083849.261266,-2607805.384136
89.0,0.34765625,-309901.930082,-3187.537573,-640875.296697,992960.869427,-765518.100919,-907345.283907,-883612.02283,-1084648.97688,-3747690.70717,-3203100.824726,-3210201.705718,-2939103.834522,-2924173.584482,-418171.992084,-3083839.06887,-2607796.264624
90.0,0.3515625,-309952.355618,-3352.761668,-640876.906023,992721.079912,-765504.153431,-907342.601698,-883582.518528,-1084636.638717,-3747674.613914,-3203056.300051,-3210163.081904,-2939082.913289,-2924101.701272,-418327.023784,-3083805.273033,-2607768.369647
91.0,0.35546875,-310068.227061,-3340.423505,-640185.968898,992701.231563,-759770.126315,-901666.510304,-879152.581591,-1078946.063393,-3741956.680054,-3197272.383842,-3204389.894532,-2933302.215731,-2920403.471041,-418416.073133,-3078068.027266,-2602032.196764
92.0,0.359375,-310101.486457,-2994.954943,-640188.114666,992884.694682,-760827.989677,-902768.89834,-879722.282853,-1079999.098778,-3743042.438393,-3198315.226831,-3205513.203801,-2934404.603768,-2920937.230699,-418049.683338,-3079169.342419,-2603084.695707
93.0,0.36328125,-309972.740409,-2965.45064,-640776.054952,992921.709171,-765548.141664,-907440.770559,-883238.659291,-1084697.256648,-3747746.497124,-3203065.956004,-3210248.912603,-2939149.432081,-2923819.53285,-418092.598688,-3083864.281638,-2607798.946833
94.0,0.3671875,-309959.865804,-3293.753063,-640757.815928,992687.284075,-765543.850129,-907423.067978,-883150.146383,-1084702.621067,-3747724.503007,-3203042.889004,-3210199.023509,-2939115.099801,-2923615.68494,-418243.875294,-3083819.220521,-2607793.582415
95.0,0.37109375,-309988.297223,-3337.204854,-640813.605882,992587.505887,-765539.558594,-907410.193373,-883331.463734,-1084702.084625,-3747705.727542,-3203027.33219,-3210169.519206,-2939088.81415,-2923858.693106,-418417.682459,-3083775.76873,-2607778.562043
96.0,0.375,-309953.964943,-2995.491385,-640865.640743,992726.444331,-765543.313687,-907402.683187,-883475.766596,-1084716.032114,-3747690.70717,-3203040.206795,-3210167.909881,-2939072.184452,-2924052.885062,-418248.166829,-3083765.039893,-2607777.489159
97.0,0.37890625,-309885.836826,-2930.045477,-640839.355092,992737.173168,-765545.459455,-907393.563675,-883379.743502,-1084723.5423,-3747673.54103,-3203032.160167,-3210150.207299,-2939050.726777,-2923826.506594,-418005.695105,-3083758.066149,-2607774.806949
98.0,0.3828125,-309900.320756,-3250.837714,-640815.215208,992511.867584,-765566.380688,-907418.240001,-883303.568757,-1084747.145742,-3747689.634286,-3203026.795748,-3210142.697113,-2939060.382731,-2923625.340894,-418067.38592,-3083760.211916,-2607783.390019
99.0,0.38671875,-309951.282734,-3372.073576,-640866.713627,992368.637606,-765551.896757,-907406.974722,-883467.183526,-1084731.588928,-3747668.176611,-3202989.244817,-3210107.828392,-2939034.633521,-2923858.693106,-418265.869411,-3083717.833009,-2607749.594182
100.0,0.390625,-309935.72592,-3063.619502,-640925.185791,992464.124258,-765543.850129,-907394.636559,-883644.209343,-1084735.880463,-3747647.791821,-3202986.562608,-3210100.854647,-2939014.24873,-2924126.914039,-418162.872572,-3083700.666869,-2607735.646693
101.0,0.39453125,-309865.452035,-2909.660686,-640910.70186,992423.354676,-765549.214548,-907394.636559,-883574.4719,-1084755.728812,-3747641.354518,-3202992.99991,-3210103.000415,-2939006.738544,-2923969.200131,-417890.896546,-3083709.786381,-2607742.083996
102.0,0.3984375,-309856.332523,-3199.339294,-640872.078046,992474.853095,-765543.850129,-907396.245884,-883452.163154,-1084756.265254,-3747631.698564,-3202961.886282,-3210071.886786,-2938991.718172,-2923717.608895,-417894.115197,-3083692.083799,-2607724.917856
103.0,0.40234375,-309911.049594,-3390.849041,-640912.847628,992372.392699,-765550.823873,-907411.266257,-883572.326132,-1084763.77544,-3747637.599425,-3202947.402352,-3210061.157949,-2938993.86394,-2923882.83299,-418098.499548,-3083678.13631,-2607715.261902
104.0,0.40625,-309916.414012,-3254.056365,-640976.68421,992449.640328,-765578.182409,-907433.796815,-883762.226553,-1084795.42551,-3747650.47403,-3202972.078678,-3210085.297833,-2939004.592777,-2924177.876017,-418068.458804,-3083688.865148,-2607731.355158
105.0,0.41015625,-309869.207128,-3189.683341,-640971.319791,992550.491399,-765589.447688,-907435.406141,-883730.576483,-1084808.300115,-3747637.062983,-3202972.61512,-3210084.224949,-2938991.18173,-2924090.435993,-417754.10387,-3083691.547357,-2607730.818716
106.0,0.4140625,-309843.457919,-3112.435712,-640920.357814,992382.048652,-765600.712967,-907449.890071,-883578.226993,-1084823.856929,-3747651.010472,-3202968.323585,-3210074.568996,-2938994.400381,-2923780.909035,-417484.273611,-3083680.282078,-2607736.183135
107.0,0.41796875,-309909.440268,-3325.403133,-640948.789233,992171.763441,-765619.488432,-907476.712164,-883652.255971,-1084845.314603,-3747671.395263,-3202963.495608,-3210071.350345,-2939006.738544,-2923865.130408,-417928.447476,-3083657.215078,-2607738.328903
108.0,0.421875,-309923.387757,-3145.695108,-641016.91735,992200.731301,-765616.269781,-907474.029955,-883855.567438,-1084844.778162,-3747660.129983,-3202955.985422,-3210063.303717,-2938993.86394,-2924184.313319,-418080.796967,-3083638.439612,-2607723.844972
109.0,0.42578125,-309865.452035,-2846.360546,-641033.010606,992321.967163,-765621.097758,-907468.665536,-883864.150508,-1084858.189208,-3747646.718937,-3202963.495608,-3210064.913042,-2938979.916451,-2924181.63111,-417799.701428,-3083640.048938,-2607724.917856
110.0,0.4296875,-309824.146011,-3024.459246,-640985.26728,992097.198021,-765642.555433,-907493.341862,-883705.900157,-1084891.448604,-3747659.0571,-3202967.787143,-3210067.05881,-2938991.18173,-2923863.521083,-417686.512194,-3083656.142194,-2607743.156879
111.0,0.43359375,-309878.863082,-3323.257366,-640997.605443,992085.3963,-765625.389293,-907489.050327,-883734.868018,-1084878.037557,-3747645.646053,-3202924.871793,-3210028.434995,-2938969.724055,-2923873.713478,-417866.22022,-3083619.664147,-2607710.433925
112.0,0.4375,-309904.612291,-3215.43255,-641063.587792,992142.79558,-765620.024874,-907483.685909,-883934.960834,-1084876.428232,-3747632.771448,-3202909.314979,-3210016.096832,-2938953.094358,-2924188.604854,-417961.706872,-3083596.597147,-2607692.194902
113.0,0.44140625,-309855.25964,-2874.791965,-641094.701421,992297.290837,-765640.409665,-907492.80542,-883988.605021,-1084907.005418,-3747638.672309,-3202934.527747,-3210040.773158,-2938960.604544,-2924255.660088,-417703.678334,-3083616.981938,-2607712.043251
114.0,0.4453125,-309797.323918,-2972.424385,-641050.713188,992214.142348,-765635.045246,-907485.831676,-883831.427554,-1084908.614744,-3747623.115495,-3202911.460747,-3210017.169716,-2938942.36552,-2923945.596688,-417535.77203,-3083605.716658,-2607700.777972
115.0,0.44921875,-309843.99436,-3303.409017,-641051.786071,991973.816392,-765650.602061,-907512.65377,-883807.824112,-1084926.317325,-3747639.745192,-3202899.659026,-3210006.977321,-2938952.021474,-2923864.057525,-417684.902869,-3083602.498007,-2607701.314414
116.0,0.453125,-309899.247873,-3289.461528,-640929.477326,991920.708647,-764289.649044,-906164.575358,-882893.190729,-1083578.238914,-3746278.255734,-3201517.784776,-3208625.639513,-2937571.220108,-2923202.088261,-417836.715917,-3082221.696642,-2606330.705444
117.0,0.45703125,-309992.588758,-3149.450201,-639891.998755,992086.469184,-757603.974057,-899561.512418,-877412.364174,-1076944.598787,-3739614.038421,-3194774.710509,-3201924.944153,-2930841.556888,-2918480.326948,-417451.550657,-3075573.036143,-2599656.832177
118.0,0.4609375,-309908.367384,-3103.852642,-640742.259114,992146.014231,-764361.532254,-906307.268895,-882411.465932,-1083657.095868,-3746386.080549,-3201556.945033,-3208760.286422,-2937683.8729,-2922672.083696,-417180.647514,-3082333.812992,-2606399.906445
119.0,0.46484375,-309872.962221,-3193.438434,-640932.159535,991977.035043,-765709.610666,-907627.988771,-883362.577362,-1085003.028512,-3747713.77417,-3202900.195467,-3210069.741019,-2939010.493637,-2923367.312356,-417633.940891,-3083621.809914,-2607742.083996
120.0,0.46875,-309898.711431,-3251.910597,-640989.558815,991862.772925,-765712.292875,-907616.18705,-883523.509922,-1085011.07514,-3747697.680914,-3202891.075956,-3210040.236716,-2938984.744428,-2923583.498428,-417845.835429,-3083579.431007,-2607734.573809
121.0,0.47265625,-309863.84271,-2917.707314,-641045.885211,991994.737624,-765695.663177,-907582.391212,-883672.10432,-1085004.101396,-3747660.129983,-3202883.56577,-3210015.023949,-2938943.974846,-2923786.273454,-417695.095264,-3083544.562285,-2607715.798344
122.0,0.4765625,-309799.469685,-2830.803732,-641022.281769,992014.585974,-765683.325015,-907558.78777,-883580.909202,-1084998.736977,-3747629.552797,-3202866.936072,-3209982.837437,-2938908.033241,-2923570.623823,-417446.72268,-3083521.495285,-2607699.705088
123.0,0.48046875,-309805.370546,-3148.377317,-640995.996117,991791.962599,-765687.616549,-907563.615747,-883497.224271,-1085005.710722,-3747626.334146,-3202842.796188,-3209956.551785,-2938898.913729,-2923354.437751,-417494.466006,-3083503.256262,-2607688.439809
124.0,0.484375,-309855.25964,-3292.143737,-641051.249629,991635.858016,-765704.246247,-907585.073422,-883653.865296,-1085023.949745,-3747637.062983,-3202837.968211,-3209957.624669,-2938907.496799,-2923567.941614,-417697.777474,-3083495.746076,-2607687.366925
125.0,0.48828125,-309844.530802,-2998.710036,-641117.768421,991673.408946,-765706.928457,-907582.927654,-883837.328415,-1085036.287908,-3747627.40703,-3202845.478397,-3209959.233994,-2938896.23152,-2923838.308315,-417613.556101,-3083490.918099,-2607682.538948
126.0,0.4921875,-309776.939127,-2825.439313,-641110.258235,991782.306645,-765712.292875,-907583.464096,-883779.392693,-1085058.818467,-3747623.651936,-3202853.525025,-3209960.84332,-2938889.794217,-2923697.224104,-417338.361423,-3083498.428285,-2607690.585576
127.0,0.49609375,-309772.11115,-3104.389084,-641073.243746,991812.883832,-765708.537782,-907586.682747,-883657.620389,-1085060.964234,-3747613.459541,-3202824.557164,-3209931.339017,-2938874.773845,-2923436.513357,-417328.169027,-3083479.65282,-2607677.17453
128.0,0.5,-309828.437546,-3311.455645,-641114.54977,991632.102922,-765715.511527,-907599.557352,-883775.6376,-1085067.937978,-3747618.287518,-3202806.318141,-3209918.464413,-2938873.164519,-2923589.935731,-417535.235588,-3083461.950238,-2607666.982134
129.0,0.50390625,-309830.583314,-3104.389084,-641183.214329,991699.158156,-765720.875945,-907601.703119,-883973.048207,-1085078.130374,-3747611.850215,-3202810.609676,-3209922.755947,-2938868.336543,-2923901.608455,-417520.751658,-3083453.90361,-2607662.690599
130.0,0.5078125,-309779.621336,-3087.759386,-641185.360096,991810.738064,-765751.453132,-907624.233678,-883952.126974,-1085112.462653,-3747619.896843,-3202837.968211,-3209944.750064,-2938877.456054,-2923838.308315,-417236.437468,-3083477.507052,-2607687.903367
131.0,0.51171875,-309759.236545,-3091.514479,-641138.153212,991644.441085,-765762.181969,-907633.889631,-883807.28767,-1085122.118607,-3747616.678192,-3202818.656304,-3209924.901715,-2938869.945868,-2923545.411056,-417167.236467,-3083473.215517,-2607683.07539
132.0,0.515625,-309821.463802,-3250.301272,-641167.121073,991423.963478,-765761.109085,-907640.326934,-883873.806462,-1085119.436397,-3747612.923099,-3202790.224885,-3209899.688947,-2938860.826357,-2923623.731568,-417362.501307,-3083448.002749,-2607661.617716
133.0,0.51953125,-309839.166384,-3084.004293,-641235.24919,991345.106524,-765775.056574,-907655.883748,-884078.190813,-1085143.576281,-3747619.896843,-3202800.41728,-3209909.344901,-2938866.190775,-2923947.206014,-417415.609052,-3083448.539191,-2607666.445692
134.0,0.5234375,-309782.303546,-2773.940894,-641254.024655,991641.758876,-765735.359876,-907609.749747,-884100.721371,-1085117.827072,-3747566.252657,-3202768.230768,-3209871.79397,-2938813.08303,-2923973.491666,-417107.154978,-3083412.597586,-2607626.212552
135.0,0.52734375,-309728.659359,-2931.118361,-641210.572864,991655.169923,-765739.114969,-907615.114166,-883939.252369,-1085128.555909,-3747571.080634,-3202761.257024,-3209858.382923,-2938806.109286,-2923650.01722,-416745.59316,-3083396.50433,-2607625.67611
136.0,0.53125,-309773.720476,-3237.426667,-641224.520352,991420.208385,-765753.062457,-907639.790492,-883952.663416,-1085145.185607,-3747589.856099,-3202750.528187,-3209851.409179,-2938815.76524,-2923634.460406,-417175.283095,-3083369.145795,-2607624.603227
137.0,0.53515625,-309800.006127,-3150.523084,-641291.575586,991393.386292,-765768.619271,-907658.029516,-884145.246046,-1085165.033956,-3747600.584936,-3202758.038373,-3209858.919365,-2938824.884751,-2923945.596688,-417422.046354,-3083365.390702,-2607628.35832
138.0,0.5390625,-309752.262801,-2805.054522,-641326.444307,991545.19934,-765771.301481,-907651.055771,-884201.572442,-1085178.445003,-3747590.928983,-3202766.085001,-3209863.2109,-2938812.010147,-2924038.401131,-417174.210212,-3083364.85426,-2607629.431204
139.0,0.54296875,-309695.936405,-2882.302151,-641285.674725,991474.925455,-765785.248969,-907661.784609,-884043.858533,-1085196.147584,-3747590.392541,-3202762.86635,-3209859.455807,-2938809.327937,-2923741.212337,-416997.184395,-3083370.755121,-2607636.94139
140.0,0.546875,-309737.242429,-3212.750341,-641284.601842,991234.063057,-765800.805783,-907685.924493,-884009.526254,-1085213.313724,-3747602.730704,-3202747.845977,-3209848.72697,-2938817.374565,-2923645.725685,-417137.195723,-3083366.463586,-2607636.94139
141.0,0.55078125,-309778.548453,-3216.505434,-641347.901982,991155.206103,-765799.7329,-907690.216028,-884188.697837,-1085215.995934,-3747597.902727,-3202733.362047,-3209838.534574,-2938810.400821,-2923932.185642,-417292.763864,-3083347.151678,-2607624.066785
142.0,0.5546875,-309785.522197,-3065.228828,-641079.681048,991242.109685,-763345.511358,-905248.869091,-882343.874257,-1082785.914276,-3745132.415906,-3200266.265901,-3207367.683335,-2936318.091907,-2922422.101786,-417087.306629,-3080890.247928,-2605166.090151
143.0,0.55859375,-309859.014733,-3041.088944,-640204.744363,991389.094757,-758228.928832,-900220.263031,-877838.835459,-1077713.319983,-3740050.165659,-3195083.701024,-3202244.663506,-2931183.806799,-2918367.137714,-416682.29302,-3075819.799402,-2600059.700019
144.0,0.5625,-309822.536686,-3107.071293,-641081.826816,991314.529337,-765265.4368,-907233.703999,-883152.828592,-1084695.110881,-3747095.256698,-3202133.62004,-3209331.59701,-2938299.171722,-2922848.573071,-416912.963022,-3082837.531905,-2607072.068104
145.0,0.56640625,-309832.729081,-3168.225666,-641217.546608,991200.26722,-765838.356714,-907783.020471,-883716.092553,-1085272.32233,-3747644.036727,-3202703.321302,-3209869.648203,-2938843.660217,-2923405.93617,-417232.682375,-3083356.807632,-2607636.94139
146.0,0.5703125,-309794.105267,-2843.141895,-641272.263679,991326.8675,-765823.872784,-907746.005982,-883847.52081,-1085266.957911,-3747602.730704,-3202696.884,-3209841.216784,-2938797.526216,-2923601.20101,-417097.499025,-3083317.110934,-2607620.311692
147.0,0.57421875,-309709.347452,-2737.999289,-641252.41533,991356.908245,-765817.435481,-907722.938981,-883751.497716,-1085271.249446,-3747579.663703,-3202690.983139,-3209816.004016,-2938764.803262,-2923389.842914,-416843.762022,-3083298.335469,-2607614.947273
148.0,0.578125,-309698.618615,-3048.062688,-641224.520352,991139.649289,-765845.8669,-907752.979726,-883658.693273,-1085305.581725,-3747601.65782,-3202697.420442,-3209817.0769,-2938781.969402,-2923153.808493,-416878.094301,-3083307.991422,-2607636.404948
149.0,0.58203125,-309767.819615,-3206.313039,-641275.48233,990976.034519,-765846.939784,-907758.880586,-883811.579205,-1085308.263935,-3747594.684076,-3202678.108535,-3209797.228551,-2938771.240565,-2923362.484379,-417081.405769,-3083280.632887,-2607617.093041
150.0,0.5859375,-309759.236545,-2920.389524,-641341.464679,991072.594055,-765837.28383,-907743.323772,-884002.016068,-1085303.9724,-3747571.080634,-3202667.916139,-3209782.208178,-2938744.418471,-2923658.60029,-417014.350535,-3083258.102329,-2607598.854017
151.0,0.58984375,-309685.74401,-2726.197568,-641336.100261,991153.060335,-765826.554993,-907722.938981,-883956.418509,-1085302.899516,-3747545.867866,-3202656.65086,-3209763.432713,-2938719.205704,-2923544.338172,-416734.327881,-3083246.300607,-2607587.052296
152.0,0.59375,-309651.948172,-2996.564269,-641296.403563,990968.524333,-765824.945667,-907721.866098,-883826.599577,-1085307.191051,-3747536.748354,-3202628.219441,-3209736.074178,-2938707.403983,-2923273.435029,-416709.651555,-3083229.67091,-2607575.250575
153.0,0.59765625,-309720.612731,-3218.11476,-641335.563819,990723.3704,-765854.44997,-907760.489912,-883929.596416,-1085337.768237,-3747563.570447,-3202635.193185,-3209746.803015,-2938728.325215,-2923404.326845,-416915.645232,-3083235.57177,-2607587.052296
154.0,0.6015625,-309730.805127,-3005.147339,-641402.619052,990770.040842,-765848.54911,-907755.125493,-884129.15279,-1085343.669098,-3747552.84161,-3202630.90165,-3209741.438596,-2938712.768401,-2923724.046197,-416917.790999,-3083219.478514,-2607574.714133
155.0,0.60546875,-309674.47873,-2939.701431,-641405.837703,991137.503521,-765822.263458,-907720.793214,-884118.423953,-1085324.357191,-3747507.244051,-3202601.933789,-3209707.106317,-2938666.634401,-2923688.104592,-416634.549693,-3083189.974211,-2607543.064063
156.0,0.609375,-309637.464242,-3026.605013,-641357.021494,991002.320171,-765844.257575,-907744.933098,-883960.710044,-1085349.033517,-3747517.972889,-3202597.642255,-3209704.960549,-2938674.681029,-2923383.942054,-416552.474088,-3083200.166607,-2607555.938668
157.0,0.61328125,-309683.0618,-3164.470573,-641380.088494,990780.76968,-765853.377086,-907759.95347,-884011.672021,-1085357.080145,-3747524.946633,-3202578.866789,-3209689.403735,-2938677.363238,-2923442.414217,-416746.666044,-3083184.073351,-2607545.20983
158.0,0.6171875,-309703.446591,-3015.339734,-641447.680169,990789.889191,-765834.601621,-907743.323772,-884213.374163,-1085343.669098,-3747500.806749,-3202555.263347,-3209666.873177,-2938651.077587,-2923775.544617,-416813.184835,-3083150.813955,-2607515.169086
159.0,0.62109375,-309653.557498,-2690.792405,-641471.283611,990932.046286,-765840.502482,-907741.178005,-884238.586931,-1085359.762354,-3747490.077912,-3202563.846417,-3209674.919805,-2938640.348749,-2923814.168431,-416531.552855,-3083157.251258,-2607518.387737
160.0,0.625,-309613.8608,-2829.730848,-641424.613169,990824.757913,-765844.794016,-907744.396656,-884071.217069,-1085368.345424,-3747489.54147,-3202554.190463,-3209658.290107,-2938632.302121,-2923492.839753,-416195.203804,-3083144.376653,-2607516.24197
161.0,0.62890625,-309663.749893,-3139.794247,-641435.342006,990589.796375,-765881.272063,-907786.775564,-884070.144185,-1085403.750587,-3747525.483075,-3202563.846417,-3209669.018944,-2938660.197098,-2923451.533729,-416472.54425,-3083133.647815,-2607535.017435
162.0,0.6328125,-309709.883894,-3070.056804,-641501.860798,990529.714886,-765883.417831,-907793.212866,-884263.263257,-1085409.115006,-3747520.118656,-3202555.263347,-3209661.508758,-2938652.15047,-2923762.670012,-416789.581393,-3083111.653699,-2607522.679272
163.0,0.63671875,-309664.822777,-2722.978917,-641538.338845,990583.359073,-765888.245808,-907792.139982,-884326.026955,-1085430.57268,-3747513.681354,-3202569.747277,-3209672.774037,-2938643.5674,-2923867.812618,-416552.474088,-3083119.700327,-2607528.580133
164.0,0.640625,-309594.01245,-2778.232429,-641496.496379,990802.227354,-765881.808505,-907788.384889,-884172.604581,-1085438.619308,-3747502.952516,-3202555.263347,-3209657.217223,-2938631.229237,-2923572.769591,-416362.573667,-3083115.945234,-2607524.288598
165.0,0.64453125,-309610.642148,-3109.217061,-641488.449751,990635.930376,-765870.006784,-907786.239122,-884126.470581,-1085431.645564,-3747490.614353,-3202515.566649,-3209619.666293,-2938612.990214,-2923464.944776,-416489.173947,-3083086.977373,-2607499.612272
166.0,0.6484375,-309651.41173,-3137.112038,-641549.067682,990551.709002,-765887.709366,-907807.696796,-884300.814188,-1085450.957471,-3747503.488958,-3202518.248858,-3209623.957828,-2938623.182609,-2923743.358105,-416651.179391,-3083082.685838,-2607502.830923
167.0,0.65234375,-309640.682893,-3031.969432,-641586.618613,990698.694074,-765816.899039,-907727.766958,-884345.338863,-1085380.683587,-3747409.611632,-3202439.391904,-3209546.710199,-2938528.768841,-2923861.375315,-416462.351854,-3082999.537349,-2607418.60955
168.0,0.65625,-309685.207568,-2955.258245,-640705.244625,990735.708563,-759540.529196,-901504.50486,-879161.164661,-1079151.520628,-3741138.069765,-3196102.940572,-3203218.305495,-2932186.95309,-2919262.45919,-416174.819013,-3076732.823459,-2601148.140567
169.0,0.66015625,-309755.481452,-3022.313478,-640813.06944,990538.834398,-761831.67241,-903852.510912,-880532.846514,-1081424.96126,-3743472.128328,-3198361.360831,-3205560.947127,-2934546.760863,-2920316.031017,-416152.288455,-3079055.080301,-2603426.945618
170.0,0.6640625,-309754.408569,-3061.473735,-641411.202122,990451.394373,-765941.353553,-907923.031798,-883846.447926,-1085504.601658,-3747565.716215,-3202487.671672,-3209675.992689,-2938671.462377,-2923260.560424,-416552.474088,-3083114.87235,-2607517.851295
171.0,0.66796875,-309714.175429,-2741.21794,-641463.236983,990576.385328,-765944.572204,-907897.282588,-883968.756672,-1085520.158472,-3747537.821238,-3202500.546277,-3209657.217223,-2938636.593656,-2923442.950659,-416452.695901,-3083085.368047,-2607521.606388
172.0,0.671875,-309624.053195,-2608.180357,-641442.852192,990623.592213,-765955.837483,-907890.845286,-883870.58781,-1085545.907682,-3747526.555959,-3202512.88444,-3209650.779921,-2938621.573284,-2923239.639192,-416190.912269,-3083081.076512,-2607532.871667
173.0,0.67578125,-309602.59552,-2910.197128,-641410.66568,990411.161233,-765956.910367,-907889.772402,-883762.226553,-1085551.2721,-3747519.582214,-3202490.353881,-3209622.348502,-2938606.552912,-2922996.094584,-416212.906386,-3083061.228163,-2607525.361481
174.0,0.6796875,-309655.166823,-3082.394967,-641457.336123,990237.354068,-765935.989134,-907873.679146,-883907.602299,-1085534.105961,-3747494.369447,-3202451.193625,-3209577.823827,-2938576.512167,-2923192.968749,-416415.14497,-3083015.094163,-2607491.029202
175.0,0.68359375,-309649.802405,-2806.663848,-641523.318472,990324.794093,-765953.691715,-907884.944425,-884105.012906,-1085557.709403,-3747494.905888,-3202468.896206,-3209591.234874,-2938578.657935,-2923494.98552,-416362.037225,-3083018.312814,-2607499.612272
176.0,0.6875,-309580.064962,-2594.232868,-641523.318472,990417.062094,-765977.831599,-907896.746146,-884073.362836,-1085591.50524,-3747501.343191,-3202492.499649,-3209607.32813,-2938584.558795,-2923400.571752,-416081.478129,-3083041.379814,-2607519.997063
177.0,0.69140625,-309554.315752,-2850.652081,-641483.085332,990156.351347,-765981.586693,-907902.110565,-883947.298997,-1085600.08831,-3747498.12454,-3202472.114858,-3209585.334013,-2938577.048609,-2923125.377074,-416041.244989,-3083034.40607,-2607513.55976
178.0,0.6953125,-309603.668404,-3086.15006,-641517.417612,990013.121368,-765960.66546,-907895.136821,-884052.978045,-1085587.213705,-3747481.494842,-3202430.272392,-3209547.783082,-2938551.835841,-2923253.58668,-416246.165782,-3082991.490721,-2607480.836806
179.0,0.69921875,-309607.959939,-2876.40129,-641585.545729,990306.018627,-765969.24853,-907901.037681,-884268.091234,-1085604.916287,-3747479.349074,-3202437.782578,-3209553.147501,-2938550.226516,-2923578.13401,-416261.186154,-3082987.199186,-2607479.763923
180.0,0.703125,-309551.633543,-2702.057684,-641596.811008,990443.884187,-765993.924855,-907916.058054,-884270.773443,-1085636.566357,-3747489.54147,-3202466.213997,-3209577.287385,-2938557.736702,-2923552.3848,-415858.854754,-3083010.266186,-2607502.294481
181.0,0.70703125,-309531.785194,-2962.768431,-641545.849031,990301.727092,-766005.190135,-907927.323333,-884121.106162,-1085647.831636,-3747497.588098,-3202459.776695,-3209560.121245,-2938551.835841,-2923237.493424,-415599.753332,-3082981.298325,-2607500.148714
182.0,0.7109375,-309580.064962,-3037.333851,-641561.405845,990075.885066,-766019.137623,-907950.390333,-884174.750349,-1085660.169799,-3747508.853377,-3202446.365648,-3209548.855966,-2938558.273144,-2923275.044355,-416153.361339,-3082950.721139,-2607495.857179
183.0,0.71484375,-309599.913311,-2897.322523,-641627.924636,990073.739299,-765998.752832,-907933.760635,-884384.499119,-1085645.685869,-3747484.177051,-3202419.007113,-3209524.716082,-2938528.768841,-2923602.810335,-416296.591317,-3082914.779534,-2607464.74355
184.0,0.71875,-309550.560659,-2568.483659,-641653.673846,990222.333696,-765999.289274,-907923.031798,-884432.242445,-1085656.951148,-3747468.620237,-3202427.053741,-3209524.716082,-2938514.28491,-2923652.162987,-416031.589035,-3082914.779534,-2607462.061341
185.0,0.72265625,-309510.327519,-2690.255963,-641607.539845,990126.847044,-765992.31553,-907912.839402,-884280.429397,-1085653.196055,-3747450.381213,-3202398.622322,-3209494.675338,-2938492.290794,-2923343.172472,-415882.994638,-3082898.149836,-2607442.212992
186.0,0.7265625,-309582.747171,-2959.013338,-641677.277288,989836.095552,-766008.408786,-907946.098798,-884474.084911,-1085674.65373,-3747461.110051,-3202375.555322,-3209480.191407,-2938492.827236,-2923601.20101,-416172.136804,-3082876.155719,-2607431.484155
187.0,0.73046875,-309541.441147,-2604.425264,-641715.364661,989883.838878,-766001.971483,-907932.687751,-884554.551191,-1085684.309683,-3747442.871027,-3202377.701089,-3209480.191407,-2938476.73398,-2923728.874174,-415944.149011,-3082871.864184,-2607425.046852
188.0,0.734375,-309489.942728,-2639.830427,-641676.204404,990000.246763,-766032.54867,-907961.11917,-884407.029677,-1085726.688591,-3747461.646493,-3202397.549438,-3209497.357547,-2938494.436561,-2923434.367589,-415745.129078,-3082900.295603,-2607452.405387
189.0,0.73828125,-309526.420775,-2972.424385,-641665.475567,989922.462693,-766032.012228,-907969.165798,-884353.385491,-1085726.688591,-3747457.8914,-3202366.43581,-3209471.608337,-2938484.780608,-2923297.574913,-415862.609847,-3082878.301487,-2607436.848573
190.0,0.7421875,-309570.409008,-3019.631269,-641729.848591,989826.97604,-766033.085112,-907976.675984,-884527.729097,-1085733.662335,-3747457.354958,-3202353.561205,-3209461.415942,-2938481.561957,-2923564.722963,-416034.271244,-3082860.598905,-2607424.51041
191.0,0.74609375,-309540.904706,-2918.243756,-641779.201243,989969.133135,-766023.9656,-907958.973403,-884648.428517,-1085726.688591,-3747427.314213,-3202341.223042,-3209444.249802,-2938450.98477,-2923756.232709,-415861.000521,-3082840.214114,-2607404.662061
192.0,0.75,-309501.744449,-2785.206173,-641537.265961,989984.153507,-764352.412743,-906292.248522,-883197.889709,-1084065.328129,-3745738.595216,-3200640.702324,-3207742.6562,-2936742.417424,-2922380.795763,-415622.283891,-3081162.223954,-2605723.989692
193.0,0.75390625,-309651.41173,-2893.56743,-640596.883368,989784.060691,-758240.194111,-900278.198752,-878009.960414,-1077999.243498,-3739670.901259,-3194446.408087,-3201605.761243,-2930608.204676,-2917780.806754,-415577.222774,-3075084.337602,-2599618.744805
194.0,0.7578125,-309681.988917,-2950.96671,-641464.309867,989717.541899,-765076.609263,-907105.494393,-883318.589129,-1084784.696673,-3746523.946109,-3201298.380053,-3208508.695186,-2937528.841201,-2922436.049275,-415861.536963,-3081914.315452,-2606429.410747
195.0,0.76171875,-309629.417614,-2624.273613,-641661.720474,989868.282064,-766089.411508,-908079.136381,-884227.321652,-1085801.790452,-3747500.806749,-3202330.494205,-3209505.404175,-2938508.920492,-2923299.720681,-415835.787754,-3082887.95744,-2607439.530783
196.0,0.765625,-309538.222496,-2475.679216,-641644.554334,989923.535576,-766101.213229,-908064.116009,-884134.517209,-1085827.539662,-3747482.567725,-3202344.978135,-3209492.52957,-2938487.462817,-2923086.216818,-415571.321913,-3082877.228603,-2607456.160481
197.0,0.76953125,-309501.208007,-2773.940894,-641609.685613,989716.469016,-766089.94795,-908049.095636,-884019.182207,-1085825.393894,-3747461.646493,-3202314.400949,-3209449.077779,-2938460.104282,-2922817.459442,-415582.050751,-3082843.432765,-2607438.457899
198.0,0.7734375,-309545.196241,-2964.914199,-641653.673846,989536.76099,-766096.921694,-908059.824474,-884157.584209,-1085833.976964,-3747463.255818,-3202298.844135,-3209432.984523,-2938454.739863,-2922984.292863,-415789.117311,-3082820.365765,-2607428.801945
199.0,0.77734375,-309540.904706,-2709.56787,-641719.656196,989614.545061,-766098.53102,-908054.460055,-884365.723654,-1085839.877825,-3747449.30833,-3202299.380577,-3209424.937895,-2938433.81863,-2923292.210495,-415756.930799,-3082804.272509,-2607419.682434
200.0,0.78125,-309475.458798,-2481.043635,-641721.801963,989714.323248,-766104.968322,-908046.949869,-884344.802421,-1085855.971081,-3747436.433725,-3202306.354321,-3209424.937895,-2938422.016909,-2923212.280656,-415455.45047,-3082807.49116,-2607423.437527
201.0,0.78515625,-309457.756216,-2728.879777,-641678.886614,989495.454966,-766103.895438,-908045.876985,-884213.910605,-1085857.580406,-3747431.069306,-3202285.433088,-3209397.042918,-2938408.069421,-2922918.310513,-415194.203281,-3082779.596183,-2607412.708689
202.0,0.7890625,-309508.718194,-2981.007455,-641710.536684,989267.467173,-766084.583531,-908043.731218,-884306.715048,-1085845.242243,-3747420.340469,-3202250.027925,-3209361.637755,-2938386.075304,-2923026.135329,-415612.091495,-3082722.733345,-2607381.595061
203.0,0.79296875,-309519.447031,-2790.570592,-641780.274127,989533.542339,-766080.828438,-908038.366799,-884517.00026,-1085850.606662,-3747411.220957,-3202247.882157,-3209355.200452,-2938373.737141,-2923353.364867,-415780.534241,-3082701.812113,-2607368.720456
204.0,0.796875,-309457.756216,-2493.381797,-641794.758057,989685.355387,-766093.166601,-908037.830357,-884530.411307,-1085873.673662,-3747410.684515,-3202264.511855,-3209366.465731,-2938371.054932,-2923345.318239,-415503.193796,-3082714.686717,-2607377.839968
205.0,0.80078125,-309426.106146,-2680.063567,-641747.551173,989548.026269,-766102.822554,-908050.704962,-884376.988933,-1085887.621151,-3747410.148073,-3202252.710134,-3209353.054685,-2938368.372723,-2923033.645515,-415398.05119,-3082716.832485,-2607379.985735
206.0,0.8046875,-309487.796961,-2978.325245,-641763.644429,989316.283383,-766123.743787,-908080.745707,-884415.612747,-1085908.005942,-3747429.459981,-3202242.517739,-3209350.372475,-2938382.856653,-2923052.957422,-415583.123634,-3082713.613834,-2607383.204387
207.0,0.80859375,-309515.155496,-2921.998849,-641833.381871,989301.799453,-766108.723415,-908065.725334,-884621.606424,-1085896.204221,-3747405.320097,-3202217.841413,-3209327.305475,-2938358.716769,-2923370.531007,-415677.537403,-3082678.20867,-2607353.700084
208.0,0.8125,-309470.630821,-2876.40129,-641858.058197,989404.259849,-766125.889555,-908073.771962,-884673.641285,-1085917.661895,-3747401.028562,-3202234.471111,-3209339.107196,-2938353.35235,-2923429.539612,-415421.654632,-3082688.937508,-2607362.819596
209.0,0.81640625,-309435.225658,-2700.9848,-641808.169104,989279.805336,-766148.956555,-908096.838963,-884520.755353,-1085947.70264,-3747409.611632,-3202234.471111,-3209338.570754,-2938357.107443,-2923112.502469,-415262.86784,-3082703.95788,-2607376.230642
210.0,0.8203125,-309476.531682,-2882.302151,-641811.387755,989291.070615,-766131.253973,-908089.328777,-884513.245167,-1085935.900919,-3747394.591259,-3202192.628645,-3209298.874056,-2938334.040443,-2923047.593003,-415415.753772,-3082668.552717,-2607344.580572
211.0,0.82421875,-309512.473287,-2857.625825,-641875.224337,989250.301033,-766131.253973,-908092.547428,-884705.827797,-1085938.046686,-3747391.90905,-3202181.899808,-3209290.290986,-2938328.676025,-2923351.2191,-415563.275285,-3082647.631484,-2607331.169526
212.0,0.828125,-309472.776589,-2502.501309,-641916.530361,989402.114082,-766145.201462,-908097.911846,-884795.413589,-1085960.577245,-3747389.763283,-3202198.529506,-3209305.8478,-2938328.139583,-2923483.183799,-415349.23498,-3082658.896763,-2607341.361921
213.0,0.83203125,-309408.403565,-2519.667449,-641880.052314,989365.636035,-766160.758276,-908109.177126,-884656.475145,-1085983.107803,-3747390.836166,-3202198.529506,-3209305.8478,-2938330.821792,-2923201.015377,-415141.631978,-3082670.698484,-2607351.554316
214.0,0.8359375,-309447.027379,-2854.943616,-641865.568383,989125.310078,-766164.513369,-908124.197498,-884594.247889,-1085989.545106,-3747392.981934,-3202173.85318,-3209287.072335,-2938327.603141,-2923048.665887,-415246.774584,-3082656.750996,-2607344.580572
215.0,0.83984375,-309499.598682,-2916.63443,-641925.649872,989012.120844,-766154.320974,-908119.905963,-884762.690635,-1085980.425594,-3747377.961561,-3202148.10397,-3209260.250242,-2938306.145466,-2923305.085099,-415429.70126,-3082623.4916,-2607316.149153
216.0,0.84375,-309474.922356,-2581.894706,-641977.148292,989144.621986,-766150.029439,-908111.322893,-884888.754474,-1085986.862896,-3747364.014073,-3202148.640412,-3209259.177358,-2938290.05221,-2923502.495706,-415195.276164,-3082614.372088,-2607309.175409
217.0,0.84765625,-309401.966262,-2510.011495,-641950.326198,989159.105916,-766182.752393,-908135.462777,-884773.419472,-1086027.096036,-3747390.836166,-3202180.826924,-3209281.171475,-2938307.754792,-2923248.222261,-414687.265716,-3082620.809391,-2607337.606828
218.0,0.8515625,-309413.767983,-2835.631709,-641924.576989,988933.26389,-766161.83116,-908123.124614,-884661.839564,-1086007.247687,-3747372.060701,-3202135.229365,-3209235.037474,-2938280.932698,-2923018.625142,-415093.888652,-3082558.582134,-2607307.029642
219.0,0.85546875,-309547.87845,-3045.380479,-641281.38319,988769.649121,-760699.780071,-902721.155014,-880414.829304,-1080588.111948,-3741926.63931,-3196615.242555,-3203728.46171,-2932772.211167,-2919468.989309,-415462.960656,-3077090.630184,-2601846.587878
220.0,0.859375,-309613.324358,-2879.0835,-641233.103422,988949.893588,-761273.236427,-903350.401324,-880675.540051,-1081165.859838,-3742529.599968,-3197168.314119,-3204362.535997,-2933391.265081,-2919789.245104,-415355.672283,-3077716.657843,-2602415.216257
221.0,0.86328125,-309489.942728,-2478.897867,-641846.792918,989180.027149,-766210.110928,-908231.485871,-884408.102561,-1086068.938502,-3747441.261702,-3202141.130226,-3209320.331731,-2938349.060815,-2922894.707071,-415113.200559,-3082632.07467,-2607338.679712
222.0,0.8671875,-309437.371425,-2749.264568,-641801.195359,988984.762309,-766198.309207,-908203.590894,-884236.977605,-1086070.011386,-3747411.220957,-3202113.771691,-3209264.005335,-2938306.145466,-2922557.821579,-415119.637861,-3082584.867786,-2607325.805107
223.0,0.87109375,-309475.99524,-2963.841315,-641841.964941,988792.179679,-766205.819393,-908207.345987,-884342.656653,-1086081.276665,-3747405.856539,-3202101.433528,-3209237.719683,-2938293.807303,-2922682.276092,-415334.214608,-3082555.363483,-2607322.050014
224.0,0.875,-309474.385914,-2731.561986,-641911.165942,988854.943377,-766207.428718,-908203.590894,-884547.577446,-1086092.005502,-3747392.981934,-3202105.188621,-3209232.355265,-2938276.641163,-2922975.709793,-415323.485771,-3082536.051576,-2607317.758479
225.0,0.87890625,-309411.085774,-2489.626704,-641912.775268,988955.258006,-766230.495719,-908210.564638,-884533.093516,-1086123.655572,-3747398.346352,-3202132.010714,-3209248.448521,-2938277.714047,-2922896.316397,-415042.926674,-3082553.217715,-2607339.216154
226.0,0.8828125,-309381.581471,-2731.561986,-641870.932802,988785.205935,-766233.177928,-908210.028197,-884394.155072,-1086129.019991,-3747390.299724,-3202110.553039,-3209224.308637,-2938265.912326,-2922600.200486,-414981.23586,-3082540.343111,-2607332.778851
227.0,0.88671875,-309444.34517,-3003.538013,-641902.04643,988567.410537,-766247.661859,-908230.412988,-884475.694236,-1086143.503921,-3747398.882794,-3202094.996225,-3209211.970474,-2938272.88607,-2922677.984557,-415180.792234,-3082529.614273,-2607329.5602
228.0,0.890625,-309464.729961,-2838.313918,-641968.565222,988512.693466,-766235.860137,-908218.611266,-884689.734541,-1086138.139503,-3747377.42512,-3202077.293644,-3209193.195008,-2938248.209744,-2923003.068328,-415233.899979,-3082496.891319,-2607303.274548
229.0,0.89453125,-309406.794239,-2538.442914,-641984.658478,988734.243957,-766231.568603,-908206.809545,-884713.337983,-1086149.404782,-3747361.868305,-3202084.267388,-3209192.122125,-2938231.043605,-2923014.870049,-414963.533278,-3082497.427761,-2607301.665223
230.0,0.8984375,-309364.415331,-2716.541614,-641939.597361,988747.118562,-766242.833882,-908218.074825,-884559.915609,-1086168.716689,-3747363.477631,-3202076.22076,-3209182.466171,-2938228.897837,-2922696.22358,-414846.052509,-3082503.328622,-2607307.566083
231.0,0.90234375,-309426.106146,-3031.43299,-641953.008408,988512.693466,-766235.860137,-908219.147708,-884585.664819,-1086159.597177,-3747351.139468,-3202037.060504,-3209147.59745,-2938210.658814,-2922689.249836,-415025.760534,-3082466.850575,-2607280.207548
232.0,0.90625,-309460.974867,-2979.398129,-642017.381432,988481.579838,-766255.708487,-908242.75115,-884788.976287,-1086182.664178,-3747365.086957,-3202045.643573,-3209159.935613,-2938219.241884,-2922997.167468,-415137.876885,-3082466.850575,-2607285.035525
233.0,0.91015625,-309428.788355,-2900.541174,-642043.667083,988625.346258,-766266.973766,-908244.896918,-884854.958636,-1086196.075224,-3747354.358119,-3202055.835969,-3209166.909357,-2938211.731698,-2923078.17019,-414897.550928,-3082471.14211,-2607288.790618
234.0,0.9140625,-309373.534843,-2781.987522,-641993.241548,988544.879978,-766253.026277,-908228.803662,-884698.317611,-1086186.955713,-3747326.999584,-3202022.576573,-3209132.040636,-2938182.227395,-2922773.471209,-414729.644624,-3082450.757319,-2607265.187176
235.0,0.91796875,-309422.887495,-2988.517641,-641990.559338,988297.043836,-766276.093277,-908260.453732,-884669.886192,-1086210.559155,-3747347.920817,-3202016.675713,-3209128.285543,-2938196.174883,-2922678.520999,-414871.801719,-3082453.439528,-2607271.624478
236.0,0.921875,-309470.630821,-2990.126966,-642058.687455,988104.997647,-766297.550952,-908286.739384,-884859.786613,-1086239.527016,-3747365.623398,-3202023.649457,-3209139.550822,-2938210.658814,-2922969.808933,-415028.442744,-3082455.048854,-2607281.280432
237.0,0.92578125,-309435.225658,-2645.731288,-642106.430782,988456.36707,-766307.743348,-908293.176686,-884966.002103,-1086265.812667,-3747365.623398,-3202041.352039,-3209157.253403,-2938210.658814,-2923132.350818,-414817.62109,-3082464.704807,-2607293.082153
238.0,0.9296875,-309362.806006,-2646.26773,-642073.171386,988572.238513,-766300.233161,-908279.765639,-884831.891636,-1086265.812667,-3747352.748794,-3202032.768969,-3209136.868612,-2938189.737581,-2922867.348536,-414363.254829,-3082444.856458,-2607281.816874
239.0,0.93359375,-309385.873006,-2983.153222,-642060.296781,988330.839673,-766292.186533,-908281.374965,-884761.617751,-1086257.766039,-3747346.311491,-3202001.65534,-3209100.927007,-2938173.644325,-2922711.780395,-414595.534157,-3082392.285155,-2607260.895641
240.0,0.9375,-309445.418053,-3064.155944,-642120.37827,988205.848718,-766289.504324,-908287.812267,-884926.305404,-1086259.375365,-3747344.702166,-3201982.343433,-3209086.443077,-2938168.279906,-2922980.53777,-415034.880046,-3082364.390178,-2607246.411711
241.0,0.94140625,-309425.033262,-2739.608614,-642175.095341,988331.376115,-766297.01451,-908289.421593,-885067.926057,-1086276.005063,-3747341.483514,-3201994.145154,-3209096.635472,-2938163.988371,-2923213.35354,-414898.623812,-3082365.999504,-2607248.021036
242.0,0.9453125,-309353.150052,-2645.194846,-642151.491898,988358.73465,-766289.504324,-908274.937662,-884961.174126,-1086278.15083,-3747323.780933,-3201985.025643,-3209078.932891,-2938141.457813,-2923007.896305,-414645.959693,-3082357.952876,-2607238.901524
243.0,0.94921875,-309356.368703,-2960.622664,-642105.89434,988140.939252,-766138.76416,-908131.707684,-884705.827797,-1086131.7022,-3747169.285675,-3201802.635408,-3208902.443517,-2937978.915927,-2922647.943812,-414684.047065,-3082192.728781,-2607075.823197
244.0,0.953125,-309520.519915,-3166.079899,-641185.360096,988005.755902,-759434.850149,-901502.895534,-879382.17871,-1079474.458632,-3740483.610688,-3195023.083094,-3202150.786179,-2931227.25859,-2918153.097409,-414891.650068,-3075488.81477,-2600372.98207
245.0,0.95703125,-309562.36238,-2867.281779,-641554.968542,988141.475694,-762735.576956,-904835.808854,-881852.493507,-1082753.727764,-3743810.086705,-3198320.054808,-3205527.687732,-2934597.186398,-2920407.762576,-414804.746485,-3078834.602694,-2603658.688505
246.0,0.9609375,-309437.907867,-2628.028706,-642065.6612,988331.912557,-766327.055255,-908373.642966,-884572.253772,-1086332.331459,-3747371.524259,-3201944.256061,-3209127.212659,-2938189.201139,-2922653.844673,-414552.618808,-3082405.15976,-2607247.484594
247.0,0.96484375,-309385.336564,-2912.879337,-642021.672967,988139.329927,-766337.784092,-908367.205664,-884406.493235,-1086354.862017,-3747362.404747,-3201938.3552,-3209094.489705,-2938167.743464,-2922309.448994,-414544.035738,-3082379.946992,-2607258.213432
248.0,0.96875,-309424.496821,-3140.867131,-642060.296781,987938.700669,-766337.24765,-908363.987012,-884511.635841,-1086357.544226,-3747350.066584,-3201917.433967,-3209062.303193,-2938147.358673,-2922423.17467,-414757.539601,-3082340.786736,-2607244.802385
249.0,0.97265625,-309427.17903,-2951.503152,-642129.497782,987995.027065,-766305.061138,-908323.21743,-884718.702402,-1086329.649249,-3747301.250374,-3201884.174572,-3209018.851402,-2938093.714487,-2922729.482976,-414758.612485,-3082284.46034,-2607202.423477
250.0,0.9765625,-309379.972146,-2923.608175,-642132.716433,988108.75274,-766316.326417,-908322.144547,-884707.973565,-1086345.206063,-3747288.912212,-3201894.903409,-3209019.387844,-2938079.766998,-2922668.865045,-414480.199156,-3082287.142549,-2607207.251454
251.0,0.98046875,-309342.957657,-2921.998849,-642085.509549,987949.429506,-766327.055255,-908330.727617,-884564.207144,-1086358.61711,-3747285.157118,-3201878.810153,-3209000.612378,-2938072.793254,-2922365.238948,-414405.097294,-3082281.241689,-2607205.105687
252.0,0.984375,-309398.211169,-3097.41534,-642113.404526,987728.415457,-766353.340906,-908360.231919,-884633.408145,-1086380.074785,-3747305.005468,-3201876.664385,-3208999.003053,-2938085.131417,-2922430.684856,-414600.898576,-3082280.168805,-2607209.933664
253.0,0.98828125,-309433.616332,-2946.675175,-642186.36062,987653.850037,-766367.288395,-908379.007385,-884850.130659,-1086403.141785,-3747314.124979,-3201886.320339,-3209009.73189,-2938092.105161,-2922760.060163,-414665.2716,-3082276.950154,-2607215.298082
254.0,0.9921875,-309377.826378,-2632.320241,-642210.500504,987911.878575,-766359.778209,-908364.523454,-884888.754474,-1086411.188413,-3747291.594421,-3201886.320339,-3209005.440355,-2938073.866138,-2922796.001768,-414395.977783,-3082273.731503,-2607209.933664
255.0,0.99609375,-309322.036424,-2779.841754,-642165.439387,987944.601529,-766348.51293,-908351.648849,-884735.868542,-1086406.896878,-3747271.20963,-3201858.425362,-3208975.936052,-2938049.189812,-2922493.448555,-414264.013083,-3082259.247572,-2607191.69464
